Date,Asset,Better Strategy,ETH Final Price,USDC Final Price,ETH Additional Collateral,USDC Additional Collateral
2021-09-06 07:31:33.902679,XRP-USD,USDC,2.76482891979411,2.5849778195284205,0.0,0.0
2021-09-06 07:31:33.902679,BTC-USD,ETH,2.0393917096369205,2.0506336488846144,15895.585342803257,28341.657946846943
2021-09-06 07:31:33.902679,DOGE-USD,USDC,2.8902701352679796,2.7022591302573264,0.0,0.0
2021-09-13 07:31:33.902679,XRP-USD,ETH,2.3886983454157082,2.2872952129010895,0.0,20474.7187280114
2021-09-13 07:31:33.902679,BTC-USD,ETH,1.9791221019248004,2.023857795181833,16020.257771394768,50294.26192952604
2021-09-13 07:31:33.902679,DOGE-USD,ETH,2.6210477599425843,2.653547284148599,0.0,27380.31082992458
2021-09-20 07:31:33.902679,XRP-USD,ETH,2.341570453053738,2.170661700708209,8351.512800633864,31805.11662397928
2021-09-20 07:31:33.902679,BTC-USD,ETH,2.0140437267437648,2.170034149751173,12062.505924268145,57751.19769335157
2021-09-20 07:31:33.902679,DOGE-USD,ETH,2.4281491216384015,2.657530136115769,0.0,45140.58522861058
2021-09-27 07:31:33.902679,XRP-USD,ETH,2.0849670220007206,2.086650110990236,0.0,38877.49692315784
2021-09-27 07:31:33.902679,BTC-USD,ETH,1.9899441790955423,1.993273500262524,19243.841463056495,60013.1537791272
2021-09-27 07:31:33.902679,DOGE-USD,ETH,2.1913867618153815,2.3697719465523743,0.0,50063.38610571841
2021-10-04 07:31:33.902679,XRP-USD,ETH,2.2219500880391823,2.238859308609506,7797.432914622987,22909.876032426444
2021-10-04 07:31:33.902679,BTC-USD,ETH,1.9397739745022773,2.140529888456007,10167.851176482887,37527.79610349258
2021-10-04 07:31:33.902679,DOGE-USD,ETH,2.3469771329769475,2.583672060296601,0.0,24698.65372379603
2021-10-11 07:31:33.902679,XRP-USD,ETH,2.014869805333597,2.549460960796933,0.0,12754.37910655314
2021-10-11 07:31:33.902679,BTC-USD,ETH,1.832433756435072,2.418210091644244,0.0,17590.71530423689
2021-10-11 07:31:33.902679,DOGE-USD,ETH,2.197290103913215,2.983034799414968,8853.229856917867,29828.659644771644
2021-10-18 07:31:33.902679,XRP-USD,ETH,1.8656151463445538,2.3264889704318463,0.0,11512.112056691287
2021-10-18 07:31:33.902679,BTC-USD,ETH,1.9289684268467546,2.3504370980204348,0.0,8955.942279406823
2021-10-18 07:31:33.902679,DOGE-USD,ETH,1.8713445379684237,2.5430491257441257,0.0,21518.58132825054
2021-10-25 07:31:33.902679,XRP-USD,ETH,1.570278368210454,2.883549534504923,0.0,10318.891682660353
2021-10-25 07:31:33.902679,BTC-USD,ETH,1.5666355434334616,2.7946886263692656,0.0,7163.376864496182
2021-10-25 07:31:33.902679,DOGE-USD,ETH,1.8784032671679889,3.177512097710151,11855.345518556685,13474.604597399448
2021-11-01 07:31:33.902679,XRP-USD,ETH,1.636116685397596,3.0055721506406963,0.0,10571.387545325313
2021-11-01 07:31:33.902679,BTC-USD,ETH,1.5785924548001609,2.6735410717066013,4849.971772735669,10760.594165940653
2021-11-01 07:31:33.902679,DOGE-USD,USDC,1.7593211349680329,2.923010350188672,0.0,0.0
2021-11-08 07:31:33.902679,XRP-USD,USDC,1.787741177254562,2.8151712957725143,0.0,0.0
2021-11-08 07:31:33.902679,BTC-USD,USDC,1.627068192907683,2.3908996077282283,3655.7319027584017,0.0
2021-11-08 07:31:33.902679,DOGE-USD,USDC,1.750051572234804,2.7558211529495087,0.0,0.0
2021-11-15 07:31:33.902679,XRP-USD,USDC,1.5012299897849435,2.169212202261936,6455.6994836784,0.0
2021-11-15 07:31:33.902679,BTC-USD,USDC,1.539542041849498,2.2600674441815456,4124.984685128162,0.0
2021-11-15 07:31:33.902679,DOGE-USD,USDC,1.634483160844683,2.5842869904912535,0.0,0.0
2021-11-22 07:31:33.902679,XRP-USD,USDC,1.4247933056887492,1.997950459243505,8340.692312322426,0.0
2021-11-22 07:31:33.902679,BTC-USD,USDC,1.5410280181340443,2.1970951497155564,5428.94461271679,0.0
2021-11-22 07:31:33.902679,DOGE-USD,USDC,1.6779916551415937,2.4076301066673462,5048.211140242151,0.0
2021-11-29 07:31:33.902679,XRP-USD,USDC,1.6211318003308663,2.060150065521585,23687.265762092808,0.0
2021-11-29 07:31:33.902679,BTC-USD,USDC,1.59847066665492,2.2985807665129006,10027.60596783735,0.0
2021-11-29 07:31:33.902679,DOGE-USD,USDC,1.860639323949404,2.6207862607785892,12908.039940325725,0.0
2021-12-06 07:31:33.902679,XRP-USD,USDC,1.5711407662373973,1.9575414931739084,44325.669353744976,14356.177783803301
2021-12-06 07:31:33.902679,BTC-USD,USDC,1.452870058458493,1.9754980842568148,17728.13284732498,0.0
2021-12-06 07:31:33.902679,DOGE-USD,USDC,1.8484673640465106,2.216575828470293,31182.935658225688,0.0
2021-12-13 07:31:33.902679,XRP-USD,USDC,1.4770138436241047,1.866846502217489,38187.298012313986,21010.104779595873
2021-12-13 07:31:33.902679,BTC-USD,USDC,1.4539292951481984,2.0121041409785496,13078.374181870895,8615.220238103517
2021-12-13 07:31:33.902679,DOGE-USD,USDC,1.9718891797514484,2.4207347692680212,33623.27430885192,14296.703142261904
2021-12-20 07:31:33.902679,XRP-USD,USDC,1.5841138867587083,1.763108157265492,26480.80553692805,7665.684955427598
2021-12-20 07:31:33.902679,BTC-USD,USDC,1.5943864537395918,1.8462780123698652,20313.598780949018,8270.43609698808
2021-12-20 07:31:33.902679,DOGE-USD,USDC,2.097424572913251,2.321832176157045,29707.08997738255,10202.738445290117
2021-12-27 07:31:33.902679,XRP-USD,USDC,1.8048172351554106,1.6211844240762487,25199.207264963887,0.0
2021-12-27 07:31:33.902679,BTC-USD,USDC,1.5358713249996099,1.623121651986157,10899.516498244375,0.0
2021-12-27 07:31:33.902679,DOGE-USD,USDC,1.9870040660777897,1.946260801840278,18115.08028053005,0.0
2022-01-03 07:31:33.902679,XRP-USD,USDC,1.8656972816130841,1.4826620984051193,27297.572967814544,0.0
2022-01-03 07:31:33.902679,BTC-USD,USDC,1.6567606042304541,1.5007262609494283,13152.056102115544,0.0
2022-01-03 07:31:33.902679,DOGE-USD,USDC,2.101614599068156,1.8800574714847604,22309.545641657125,7881.5366770197725
2022-01-10 07:31:33.902679,XRP-USD,USDC,1.8951082640428527,1.7418270418199742,22822.43609161816,18907.70769785602
2022-01-10 07:31:33.902679,BTC-USD,ETH,1.6624663054701443,1.6632458261114498,5749.988157715867,11987.989280428868
2022-01-10 07:31:33.902679,DOGE-USD,ETH,1.87660946005296,1.8404465553788751,23699.43056161463,28066.187307506712
2022-01-17 07:31:33.902679,XRP-USD,USDC,1.7743215627474038,1.6490957770823544,23093.88242329561,8597.705049548516
2022-01-17 07:31:33.902679,BTC-USD,USDC,1.7327990074811184,1.7669019367181749,12822.53024803815,10780.281558026603
2022-01-17 07:31:33.902679,DOGE-USD,USDC,1.8753308755870157,1.840036481010721,7129.525863187737,0.0
2022-01-24 07:31:33.902679,XRP-USD,ETH,1.9663365702973095,1.7787730213497577,28952.247665035728,35365.78697852939
2022-01-24 07:31:33.902679,BTC-USD,ETH,1.668375265025881,1.6947104561061397,0.0,21682.532885111577
2022-01-24 07:31:33.902679,DOGE-USD,ETH,1.8761658304205011,1.8840969010156683,0.0,20303.6696650824
2022-01-31 07:31:33.902679,XRP-USD,ETH,2.0768287513985473,2.0456196625114798,32068.385801640936,33762.84864120517
2022-01-31 07:31:33.902679,BTC-USD,ETH,1.695765351461379,1.7394998973499296,7550.466572318532,15827.017634621225
2022-01-31 07:31:33.902679,DOGE-USD,ETH,1.6851581444725519,1.8731583411778787,0.0,16827.44776909778
2022-02-07 07:31:33.902679,XRP-USD,USDC,1.9837768694786404,2.194162361070623,11414.092267760745,0.0
2022-02-07 07:31:33.902679,BTC-USD,ETH,1.660515135084857,2.0754778247082935,6634.090126901676,7388.801884599568
2022-02-07 07:31:33.902679,DOGE-USD,USDC,1.6019138039265977,2.001753266758178,0.0,0.0
2022-02-14 07:31:33.902679,XRP-USD,USDC,2.1411811452974976,2.8947557865808133,8319.32202731895,7538.486533534262
2022-02-14 07:31:33.902679,BTC-USD,ETH,1.4925867477541768,2.2437501126706945,0.0,9873.576675991222
2022-02-14 07:31:33.902679,DOGE-USD,ETH,1.7254056928557853,2.794899146076672,0.0,18393.89530741342
2022-02-21 07:31:33.902679,XRP-USD,ETH,2.274202614034987,2.9776221986768943,14582.743894803629,19097.787229879235
2022-02-21 07:31:33.902679,BTC-USD,ETH,1.4558620057330545,2.31615572209947,0.0,26211.422462301984
2022-02-21 07:31:33.902679,DOGE-USD,ETH,1.776884720244636,3.0133353950947868,0.0,34536.62828877734
2022-02-28 07:31:33.902679,XRP-USD,USDC,2.189686294306669,3.2342659099738142,14720.07221407206,7177.035932969768
2022-02-28 07:31:33.902679,BTC-USD,ETH,1.4976043140528217,2.3863770681612793,5964.057896254111,8379.145923609656
2022-02-28 07:31:33.902679,DOGE-USD,ETH,1.6659227456165835,3.139484300797524,12978.767355797798,29871.626274401424
2022-03-07 07:31:33.902679,XRP-USD,ETH,2.146325437741041,3.2752778773717073,8430.23777387313,19250.598810124182
2022-03-07 07:31:33.902679,BTC-USD,ETH,1.5026737705658175,2.348577504459216,6154.448514536882,22924.594941642732
2022-03-07 07:31:33.902679,DOGE-USD,ETH,1.6894160571209396,3.1943851823888885,11057.776243559463,47602.1388436329
2022-03-14 07:31:33.902679,XRP-USD,ETH,1.8762085878459582,3.6397750111354155,0.0,8242.659340958766
2022-03-14 07:31:33.902679,BTC-USD,ETH,1.501819868151089,2.6242336097262724,13085.827989163867,18058.78785696256
2022-03-14 07:31:33.902679,DOGE-USD,ETH,1.7076547588520996,4.032766433176376,19914.923987015034,51672.130509964816
2022-03-21 07:31:33.902679,XRP-USD,USDC,1.6085324918122461,3.8581222198667775,2470.9889126591515,0.0
2022-03-21 07:31:33.902679,BTC-USD,USDC,1.5258430856454541,3.240670737645109,17957.7994357419,8029.761882944891
2022-03-21 07:31:33.902679,DOGE-USD,ETH,1.4193511618395527,4.297373467504435,27157.092347077923,44906.9948155351
2022-03-28 07:31:33.902679,XRP-USD,USDC,1.5550043878574915,3.607357509201423,6461.925849463652,0.0
2022-03-28 07:31:33.902679,BTC-USD,USDC,1.5869049717471229,3.3608642216442237,15860.072934372358,0.0
2022-03-28 07:31:33.902679,DOGE-USD,USDC,1.4337188259505025,3.5447044733793893,24956.647241520033,21247.700217220132
2022-04-04 07:31:33.902679,XRP-USD,USDC,1.552373251240504,3.858176276555206,15413.250666650783,0.0
2022-04-04 07:31:33.902679,BTC-USD,USDC,1.5932627410185916,3.6249793227278557,20228.066293168595,0.0
2022-04-04 07:31:33.902679,DOGE-USD,USDC,1.5155736272633347,3.8633482982521006,28875.256791995744,16406.970025806557
2022-04-11 07:31:33.902679,XRP-USD,USDC,1.6686487673312165,3.6198088098610492,19126.510655048864,13040.921362334775
2022-04-11 07:31:33.902679,BTC-USD,USDC,1.603752559037957,2.8427222096776736,23776.545618595876,0.0
2022-04-11 07:31:33.902679,DOGE-USD,USDC,1.6470867076784075,3.5219022745084367,25220.938874616215,17254.778062484475
2022-04-18 07:31:33.902679,XRP-USD,USDC,1.8129596539679849,3.355906958584903,8476.36650655666,0.0
2022-04-18 07:31:33.902679,BTC-USD,USDC,1.8445883469892435,2.9482333374990293,22562.181644624114,0.0
2022-04-18 07:31:33.902679,DOGE-USD,USDC,2.011339749728936,3.754668191874294,22683.123716401285,12563.326958931488
2022-04-25 07:31:33.902679,XRP-USD,USDC,2.0706669957562154,2.899013196186771,12890.281475780204,0.0
2022-04-25 07:31:33.902679,BTC-USD,USDC,2.025640073480004,2.683837974149165,22322.900496649207,0.0
2022-04-25 07:31:33.902679,DOGE-USD,USDC,2.239421683820127,3.4981213287012953,7556.5051633682015,0.0
2022-05-02 07:31:33.902679,XRP-USD,USDC,2.0555868727950717,2.4211903588335195,18710.955574433523,0.0
2022-05-02 07:31:33.902679,BTC-USD,USDC,2.0631324999451,2.4758559786358,23236.86951665894,0.0
2022-05-02 07:31:33.902679,DOGE-USD,USDC,2.3353891424960986,2.876074192219248,18176.7417574914,0.0
2022-05-09 07:31:33.902679,XRP-USD,USDC,2.1217342579719753,1.9856047996271857,21854.75543775622,0.0
2022-05-09 07:31:33.902679,BTC-USD,USDC,2.0994981051149084,1.9615280897504321,29494.44251998183,0.0
2022-05-09 07:31:33.902679,DOGE-USD,USDC,2.3372885067300895,2.2815051977544094,18071.667037628067,0.0
2022-05-16 07:31:33.902679,XRP-USD,USDC,2.3928638639071997,1.6822488089943652,29713.361470891978,0.0
2022-05-16 07:31:33.902679,BTC-USD,USDC,2.280354778188984,1.8405751147526168,21550.894775428264,0.0
2022-05-16 07:31:33.902679,DOGE-USD,USDC,2.248188942388749,1.6118227151599747,28222.660165599045,0.0
2022-05-23 07:31:33.902679,XRP-USD,USDC,2.181094748580777,1.7579004613334996,32859.42941521219,0.0
2022-05-23 07:31:33.902679,BTC-USD,USDC,2.1531491971431365,2.2100548308332946,22172.646650263378,9033.688168034423
2022-05-23 07:31:33.902679,DOGE-USD,USDC,2.2109208558205706,1.7981727689696756,32291.999740588537,0.0
2022-05-30 07:31:33.902679,XRP-USD,USDC,2.059269640276165,1.941286345994236,29767.19095766588,0.0
2022-05-30 07:31:33.902679,BTC-USD,USDC,2.0280925251686277,2.425794090692642,13922.469438380387,0.0
2022-05-30 07:31:33.902679,DOGE-USD,USDC,2.195395198449385,2.1331296030519673,25304.607752333977,0.0
2022-06-06 07:31:33.902679,XRP-USD,USDC,2.211436538161572,1.8219814483315622,27843.10358373339,0.0
2022-06-06 07:31:33.902679,BTC-USD,USDC,2.1952348239045625,2.354423459785159,8134.103252737725,0.0
2022-06-06 07:31:33.902679,DOGE-USD,USDC,2.3659915713303614,1.9580251609505832,26383.21392046644,0.0
2022-06-13 07:31:33.902679,XRP-USD,ETH,2.3074055100576825,1.5765700863757537,18234.21375755391,20147.124599873336
2022-06-13 07:31:33.902679,BTC-USD,ETH,2.2662440386976326,1.6812693236822545,0.0,8554.483702943602
2022-06-13 07:31:33.902679,DOGE-USD,ETH,2.621937345841308,1.9233313219073627,39523.09327784467,51569.44875419291
2022-06-20 07:31:33.902679,XRP-USD,ETH,1.7359380935067918,1.5391084665823234,7856.98366429015,13711.047999093018
2022-06-20 07:31:33.902679,BTC-USD,ETH,1.8842019148078426,1.8849395200346406,0.0,18471.544033235434
2022-06-20 07:31:33.902679,DOGE-USD,ETH,2.2012531745446795,2.1307123147863516,18196.454214289348,35775.3674408057
2022-06-27 07:31:33.902679,XRP-USD,ETH,1.4398551252543936,1.4771550198260701,26105.21491521415,37355.02807010367
2022-06-27 07:31:33.902679,BTC-USD,ETH,1.9218060341028733,1.946623430593638,6218.529931066281,17696.30168178187
2022-06-27 07:31:33.902679,DOGE-USD,ETH,1.921193780279376,2.0039444180758887,0.0,13110.61755786986
2022-07-04 07:31:33.902679,XRP-USD,ETH,1.5581570696417173,1.621261382503618,32169.179438119536,47582.093762272314
2022-07-04 07:31:33.902679,BTC-USD,ETH,1.7666010633182385,1.8424380769530306,0.0,15650.783820919474
2022-07-04 07:31:33.902679,DOGE-USD,ETH,1.9485840882379153,2.066995529932083,0.0,17628.414265042054
2022-07-11 07:31:33.902679,XRP-USD,ETH,1.4602415882786317,1.3625871123833306,44915.43959787789,69938.08791451067
2022-07-11 07:31:33.902679,BTC-USD,ETH,1.8568262934989899,1.8821721040532284,0.0,22204.322666444248
2022-07-11 07:31:33.902679,DOGE-USD,ETH,1.7991049245405464,1.9716242743332781,0.0,32114.310460800887
2022-07-18 07:31:33.902679,XRP-USD,USDC,1.6147302780823034,1.6793346365371309,58823.9799750744,45854.27561181174
2022-07-18 07:31:33.902679,BTC-USD,ETH,1.554085786718744,1.8995160883384956,7024.485548120079,8527.092297100331
2022-07-18 07:31:33.902679,DOGE-USD,ETH,1.5341066332913855,2.0800382219025866,7258.283265089369,20657.330822958975
2022-07-25 07:31:33.902679,XRP-USD,USDC,1.7140383776449144,1.7080273014929412,64069.875608495655,58300.21612414415
2022-07-25 07:31:33.902679,BTC-USD,ETH,1.544748827124062,1.7576984888518241,0.0,7306.891308551101
2022-07-25 07:31:33.902679,DOGE-USD,ETH,1.5692260832478588,2.0308021359946786,9635.066588645714,31099.431541448706
2022-08-01 07:31:33.902679,XRP-USD,USDC,2.0459734622238503,1.7475854135887818,56526.563130634895,40533.880190725744
2022-08-01 07:31:33.902679,BTC-USD,USDC,1.6486780432775885,1.6951781591915698,0.0,0.0
2022-08-01 07:31:33.902679,DOGE-USD,USDC,1.5207566439757698,1.5484546922819349,78798.64066931745,76912.86885550006
2022-08-08 07:31:33.902679,XRP-USD,USDC,1.9696385409163053,1.7018125888694755,63914.74656125848,41010.242578555204
2022-08-08 07:31:33.902679,BTC-USD,USDC,1.6389367533887336,1.7063157093154107,6354.112533033782,0.0
2022-08-08 07:31:33.902679,DOGE-USD,USDC,1.8572432051029428,1.8657406122367344,118365.11799024197,103519.59866727056
2022-08-15 07:31:33.902679,XRP-USD,USDC,2.1170727506926896,2.35443869901369,71157.18106295007,42116.69443783531
2022-08-15 07:31:33.902679,BTC-USD,USDC,1.6594302891092707,2.2143595924963115,11826.67449985676,0.0
2022-08-15 07:31:33.902679,DOGE-USD,USDC,1.948470341906991,2.5194323043891034,106042.62400756708,85830.41689296163
2022-08-22 07:31:33.902679,XRP-USD,USDC,1.8611725204878498,2.213785300756751,70581.51040564709,54938.4710414227
2022-08-22 07:31:33.902679,BTC-USD,USDC,1.529729834532156,1.9703615491564046,8449.56658646834,0.0
2022-08-22 07:31:33.902679,DOGE-USD,USDC,2.004154849630209,2.7716438932613365,110227.80860896531,108479.56916001247
2022-08-29 07:31:33.902679,XRP-USD,USDC,1.7758450892380433,2.0190718200408533,71831.57603571124,59989.24469978009
2022-08-29 07:31:33.902679,BTC-USD,USDC,1.5853718222935411,1.9860644491580541,9690.2676746566,7249.908342320297
2022-08-29 07:31:33.902679,DOGE-USD,ETH,1.639090179011914,2.166740123527243,119879.7980014284,123159.48606280534
2022-09-05 07:31:33.902679,XRP-USD,USDC,1.9319700155623767,2.050264001491099,76089.38663006663,60383.50595244653
2022-09-05 07:31:33.902679,BTC-USD,USDC,1.630303451463334,1.8723347820192644,16227.389015475987,7911.889364882198
2022-09-05 07:31:33.902679,DOGE-USD,USDC,1.6619951668269544,2.050673172265425,127832.96228919401,127238.09086158095
2022-09-12 07:31:33.902679,XRP-USD,USDC,1.9521341723445205,2.0984832986499393,68775.09273126266,48578.436733288996
2022-09-12 07:31:33.902679,BTC-USD,USDC,1.6119086383756591,1.9618096632811997,8890.890021796673,0.0
2022-09-12 07:31:33.902679,DOGE-USD,USDC,1.842306298511475,2.302581329347459,128872.88808748855,123101.02439931846
2022-09-19 07:31:33.902679,XRP-USD,USDC,1.9943284946040616,2.286537892640702,38337.34906074361,37960.58078235759
2022-09-19 07:31:33.902679,BTC-USD,ETH,1.504510797453811,1.8923598660115857,0.0,8186.1673491992115
2022-09-19 07:31:33.902679,DOGE-USD,ETH,2.039499943026621,2.7187088114653717,127770.53749201627,143234.40003471787
2022-09-26 07:31:33.902679,XRP-USD,USDC,2.0530692916682716,2.244461783233296,11029.336917310808,10833.698878132825
2022-09-26 07:31:33.902679,BTC-USD,ETH,1.5628470077828203,1.8499823800239565,0.0,8065.594028686115
2022-09-26 07:31:33.902679,DOGE-USD,ETH,2.1727497406570495,2.8158655915506157,116061.5078863789,133399.95053967554
2022-10-03 07:31:33.902679,XRP-USD,ETH,2.068309913748114,2.294803273734213,11282.432809629128,11958.847030865421
2022-10-03 07:31:33.902679,BTC-USD,ETH,1.6066898580492683,1.9079296100482237,0.0,7753.482935218344
2022-10-03 07:31:33.902679,DOGE-USD,ETH,2.3152467886989148,3.0452345190131753,117722.52754405385,136100.89156734466
2022-10-10 07:31:33.902679,XRP-USD,USDC,2.1520401013515897,2.159240727962048,0.0,0.0
2022-10-10 07:31:33.902679,BTC-USD,ETH,1.6747722429981962,1.8232206991988396,0.0,8501.491805217927
2022-10-10 07:31:33.902679,DOGE-USD,ETH,2.367962783909732,2.906142545989447,118275.59175020692,139558.78406496882
2022-10-17 07:31:33.902679,XRP-USD,USDC,2.1804537020207246,1.8702782006593026,0.0,0.0
2022-10-17 07:31:33.902679,BTC-USD,ETH,1.6372793152765224,1.5189723266656043,0.0,8160.681780695697
2022-10-17 07:31:33.902679,DOGE-USD,ETH,2.440198376060692,2.4826979566466534,120172.65001102822,137876.39520241748
2022-10-24 07:31:33.902679,XRP-USD,ETH,2.055425407419998,1.886840058386698,0.0,11140.422591730836
2022-10-24 07:31:33.902679,BTC-USD,ETH,1.5462904163768516,1.4966715669917936,0.0,17188.053552152996
2022-10-24 07:31:33.902679,DOGE-USD,ETH,2.4965179523075074,2.4217244325475704,122982.04747841648,139590.86345529556
2022-10-31 07:31:33.902679,XRP-USD,ETH,1.901153009304105,1.8285290563611667,5753.3541521888255,8256.952481380416
2022-10-31 07:31:33.902679,BTC-USD,ETH,1.4992072226575934,1.4303457456506363,7529.633679270555,10613.241824222438
2022-10-31 07:31:33.902679,DOGE-USD,ETH,2.46981402733206,2.3700120242885734,11796.33031751374,12235.993748252746
2022-11-07 07:31:33.902679,XRP-USD,USDC,1.9544316303563671,1.7509724663083366,5562.876652506442,0.0
2022-11-07 07:31:33.902679,BTC-USD,ETH,1.5390027162023021,1.4813010735494163,6943.187250505769,10071.108706061059
2022-11-07 07:31:33.902679,DOGE-USD,USDC,2.1950125124954387,1.8121168393602312,12499.72205895625,0.0
2022-11-14 07:31:33.902679,XRP-USD,ETH,1.9931103588131192,1.6324352918095366,7648.537541706901,8555.9251438863
2022-11-14 07:31:33.902679,BTC-USD,ETH,1.5167800287607347,1.560847542069598,10844.529019384063,36485.92413798098
2022-11-14 07:31:33.902679,DOGE-USD,ETH,2.2850389277034586,1.951442608485828,18710.602763867355,24490.648921718137
2022-11-21 07:31:33.902679,XRP-USD,ETH,2.1488362595319868,1.5603668167001081,0.0,10206.965780341037
2022-11-21 07:31:33.902679,BTC-USD,ETH,1.4767294276767533,1.498518281049125,0.0,53998.612853274055
2022-11-21 07:31:33.902679,DOGE-USD,ETH,2.3953999812968765,1.8429294781551593,24332.750182324016,43068.494685875805
2022-11-28 07:31:33.902679,XRP-USD,ETH,2.171767234601817,1.6865676616923215,0.0,8905.259764230912
2022-11-28 07:31:33.902679,BTC-USD,ETH,1.4478217474076482,1.547633883825975,0.0,49907.347225146455
2022-11-28 07:31:33.902679,DOGE-USD,ETH,2.434065034835366,1.9502020944577383,0.0,12359.232813142633
2022-12-05 07:31:33.902679,XRP-USD,ETH,1.9765353254787588,1.7361705285243454,0.0,9092.385642625886
2022-12-05 07:31:33.902679,BTC-USD,ETH,1.5210819107783076,1.6250814640245475,9781.448741716653,43196.45925403907
2022-12-05 07:31:33.902679,DOGE-USD,USDC,2.527442337258649,2.035020164242924,0.0,0.0
2022-12-12 07:31:33.902679,XRP-USD,ETH,1.9420570824937267,1.6941293642744468,0.0,9716.504733610273
2022-12-12 07:31:33.902679,BTC-USD,ETH,1.5651346947706146,1.6319300537134804,9435.038592692974,41276.358641405706
2022-12-12 07:31:33.902679,DOGE-USD,USDC,2.379081120564123,1.8915277340737777,0.0,0.0
2022-12-19 07:31:33.902679,XRP-USD,ETH,2.001028166398837,1.6408331184826788,0.0,25437.22460062294
2022-12-19 07:31:33.902679,BTC-USD,ETH,1.4614580767107517,1.4668193170514938,13298.00577653086,66837.25287856137
2022-12-19 07:31:33.902679,DOGE-USD,ETH,2.1901278382330087,1.9277367316031127,0.0,34648.65654847413
2022-12-26 07:31:33.902679,XRP-USD,ETH,1.7688974559972592,1.571963439238754,0.0,28614.38851352592
2022-12-26 07:31:33.902679,BTC-USD,ETH,1.4211905681045691,1.469201666559255,11372.606485724798,62090.89540443849
2022-12-26 07:31:33.902679,DOGE-USD,ETH,2.2106464814039213,1.938072400587209,0.0,26904.500039626073
2023-01-02 07:31:33.902679,XRP-USD,ETH,1.4894228682046338,1.4885301452422925,0.0,47763.38780612596
2023-01-02 07:31:33.902679,BTC-USD,ETH,1.5284150645059331,1.4583134900563295,23057.986626723578,64329.93907468593
2023-01-02 07:31:33.902679,DOGE-USD,ETH,2.003475175533674,1.8233243963072168,0.0,34580.11439951099
2023-01-09 07:31:33.902679,XRP-USD,ETH,1.6019654004293653,1.5271405170739676,13291.904198124132,47436.969557964374
2023-01-09 07:31:33.902679,BTC-USD,ETH,1.5060591565681758,1.451434139260826,22888.815232669804,59476.66363708784
2023-01-09 07:31:33.902679,DOGE-USD,ETH,1.9202859670159727,1.7313643599401607,0.0,26897.129248735146
2023-01-16 07:31:33.902679,XRP-USD,ETH,1.8490315384874458,1.4815123478836016,26209.331513790632,33227.48228888342
2023-01-16 07:31:33.902679,BTC-USD,ETH,1.6471937406608812,1.4672081846551506,18001.565532513225,40104.889227368825
2023-01-16 07:31:33.902679,DOGE-USD,USDC,2.1305436303529133,1.4955947200208484,14367.501621164265,7883.850190586003
2023-01-23 07:31:33.902679,XRP-USD,ETH,1.8209492735985477,1.6614368031358295,17455.92002067431,21189.261001925697
2023-01-23 07:31:33.902679,BTC-USD,ETH,1.5487668067722897,1.6123636897416902,9488.833776195912,29313.937319185367
2023-01-23 07:31:33.902679,DOGE-USD,USDC,2.147955474721627,1.8298254412110124,11096.49724148857,8514.496910895468
2023-01-30 07:31:33.902679,XRP-USD,ETH,1.8070534615281848,1.6358694898553505,22807.270828390276,30525.16876262425
2023-01-30 07:31:33.902679,BTC-USD,ETH,1.5104697506173577,1.5201126902914184,8835.546230871129,29872.517026659916
2023-01-30 07:31:33.902679,DOGE-USD,ETH,2.1393417307972182,1.808240625815284,7638.20355521646,8868.07604211579
2023-02-06 07:31:33.902679,XRP-USD,ETH,1.8913131614676857,1.7159200373818655,26715.072294027123,31094.32026986043
2023-02-06 07:31:33.902679,BTC-USD,ETH,1.5106457157772695,1.5638216546753347,9587.051436378824,30311.82190891415
2023-02-06 07:31:33.902679,DOGE-USD,ETH,2.0293069671135036,1.8792875606381048,0.0,7299.299985598773
2023-02-13 07:31:33.902679,XRP-USD,ETH,1.9226407140498354,1.8145672163456799,26592.903002412888,38574.861469885436
2023-02-13 07:31:33.902679,BTC-USD,ETH,1.5747695017009142,1.6522586030589275,10097.536337968675,36018.85778525332
2023-02-13 07:31:33.902679,DOGE-USD,ETH,2.0451013559218474,2.0025178228441667,0.0,16972.790462489807
2023-02-20 07:31:33.902679,XRP-USD,USDC,1.7934839645079257,1.6885386479019124,29308.56035788328,29242.459270008636
2023-02-20 07:31:33.902679,BTC-USD,ETH,1.5887253408988868,1.6628322206165134,8057.560357814975,19474.130551706243
2023-02-20 07:31:33.902679,DOGE-USD,ETH,1.9437647046505628,1.9977719441027275,0.0,8951.930894921301
2023-02-27 07:31:33.902679,XRP-USD,ETH,1.7995564954574126,1.6001089988338257,31654.00499900439,35844.37043690571
2023-02-27 07:31:33.902679,BTC-USD,ETH,1.6026070398828165,1.5841533839236899,9942.921739116384,26101.444299781535
2023-02-27 07:31:33.902679,DOGE-USD,ETH,1.9382867098421739,1.9580639014974177,0.0,18121.805806264005
2023-03-06 07:31:33.902679,XRP-USD,ETH,1.6042007484570033,1.441505985274265,30574.610010796183,38998.15159333151
2023-03-06 07:31:33.902679,BTC-USD,ETH,1.6420082956790851,1.6402845086449838,11086.849513603534,32225.872290155196
2023-03-06 07:31:33.902679,DOGE-USD,ETH,2.0767556892518075,1.988517434514352,12942.36164690637,28448.108264857146
2023-03-13 07:31:33.902679,XRP-USD,USDC,1.5297994773012682,1.4823378918602352,38444.74596309774,37666.12505939971
2023-03-13 07:31:33.902679,BTC-USD,ETH,1.5921438029110708,1.7150670129352124,9609.332952191544,22472.72665940778
2023-03-13 07:31:33.902679,DOGE-USD,ETH,2.2665516464725135,2.3402625367404237,23805.221496635873,31449.147202225446
2023-03-20 07:31:33.902679,XRP-USD,USDC,1.6047456522876797,1.5847688590029483,41525.38912915878,37259.94721009825
2023-03-20 07:31:33.902679,BTC-USD,ETH,1.5680681717313996,1.7220721292849146,0.0,8683.917447072032
2023-03-20 07:31:33.902679,DOGE-USD,ETH,2.2033536168803085,2.318623229252942,30105.71843268881,34201.983121171506
2023-03-27 07:31:33.902679,XRP-USD,USDC,1.7627850807822742,1.5762159789848467,8727.210057545686,7285.75085117569
2023-03-27 07:31:33.902679,BTC-USD,ETH,1.4796844011377015,1.4599007264949493,0.0,9256.468802822448
2023-03-27 07:31:33.902679,DOGE-USD,ETH,2.266192559174185,2.159232595924741,26295.12265318958,31786.375648608882
2023-04-03 07:31:33.902679,XRP-USD,USDC,1.7830715029972322,1.659753804268125,8024.00233388193,7843.858897019949
2023-04-03 07:31:33.902679,BTC-USD,ETH,1.5620743739970908,1.481287458401338,7285.682670415277,8781.868874836451
2023-04-03 07:31:33.902679,DOGE-USD,USDC,2.266972300036077,2.1187968945076308,0.0,0.0
2023-04-10 07:31:33.902679,XRP-USD,USDC,1.7433908297609364,1.6599813008048185,7495.276132263418,0.0
2023-04-10 07:31:33.902679,BTC-USD,USDC,1.4370564160075678,1.4748169453618176,0.0,0.0
2023-04-10 07:31:33.902679,DOGE-USD,ETH,1.8960532764110218,2.0968502367176423,0.0,7759.906274037552
2023-04-17 07:31:33.902679,XRP-USD,USDC,1.5699858001392417,1.6380167834164934,61171.61487652722,59518.87909940642
2023-04-17 07:31:33.902679,BTC-USD,USDC,1.570038282856621,1.4605707318124108,14272.377609701885,0.0
2023-04-17 07:31:33.902679,DOGE-USD,USDC,1.8272719710329537,1.9727867566196058,0.0,0.0
2023-04-24 07:31:33.902679,XRP-USD,ETH,1.5589048461267057,1.6556656153132039,66077.64169620941,76776.36724332317
2023-04-24 07:31:33.902679,BTC-USD,USDC,1.5274929622445994,1.4723678860007936,8798.126899508818,7301.693642430444
2023-04-24 07:31:33.902679,DOGE-USD,USDC,1.6869326944972791,1.6451983203260938,0.0,0.0
2023-05-01 07:31:33.902679,XRP-USD,ETH,1.6092569187074623,1.7346858918996382,64125.13546199695,75378.77584923555
2023-05-01 07:31:33.902679,BTC-USD,ETH,1.5699471107288652,1.5728146064443695,7318.080978347163,9280.231372541792
2023-05-01 07:31:33.902679,DOGE-USD,USDC,1.5391303231608389,1.5144666417593258,0.0,0.0
2023-05-08 07:31:33.902679,XRP-USD,ETH,1.787727687762461,1.962709376892306,78651.7317953344,90112.92237423822
2023-05-08 07:31:33.902679,BTC-USD,USDC,1.530631216281507,1.5504929732020367,8467.041463517526,8421.312219310232
2023-05-08 07:31:33.902679,DOGE-USD,ETH,1.6261340689042243,1.6528251601623782,12461.246208144163,12939.614920854117
2023-05-15 07:31:33.902679,XRP-USD,ETH,1.7906244026491018,1.9536702021537213,77520.59897400987,90711.70342475771
2023-05-15 07:31:33.902679,BTC-USD,ETH,1.5278480125133822,1.5380537488664747,8737.70353332578,10418.43856929148
2023-05-15 07:31:33.902679,DOGE-USD,ETH,1.6253355843228239,1.6417451165559658,11389.708839628249,13606.134368981773
2023-05-22 07:31:33.902679,XRP-USD,ETH,1.9034179170382617,2.2672487360061417,64525.7731348074,76642.57852408728
2023-05-22 07:31:33.902679,BTC-USD,ETH,1.5323129960582476,1.7198451817041926,7785.7666515433375,11815.890884121967
2023-05-22 07:31:33.902679,DOGE-USD,ETH,1.7443552339065125,1.9236049398799444,9907.32664603449,12118.005212739547
2023-05-29 07:31:33.902679,XRP-USD,ETH,1.9286644157936728,2.3349886220796594,58484.36699013869,64997.88192225856
2023-05-29 07:31:33.902679,BTC-USD,ETH,1.5063303515019897,1.7262641568182087,7429.193827463285,8200.926529184027
2023-05-29 07:31:33.902679,DOGE-USD,USDC,1.7339526750563168,1.9434853739029605,13699.630471316748,11822.229392569236
2023-06-05 07:31:33.902679,XRP-USD,ETH,1.9746162865854584,2.422183991229515,49006.96574991285,59752.781695324185
2023-06-05 07:31:33.902679,BTC-USD,ETH,1.5553916155338328,1.7732142740179226,15184.941822384266,19154.25985955367
2023-06-05 07:31:33.902679,DOGE-USD,ETH,1.7115162964971877,1.943664886881038,20366.58354939519,22935.222368530813
2023-06-12 07:31:33.902679,XRP-USD,ETH,1.9796965738969385,2.4569370989683983,39945.213117234714,55125.61524847217
2023-06-12 07:31:33.902679,BTC-USD,ETH,1.499403245816551,1.7823154979098117,7996.088104708062,18529.288283159243
2023-06-12 07:31:33.902679,DOGE-USD,ETH,1.7422495649004484,2.0018047108356996,26751.986686589167,33196.31517040139
2023-06-19 07:31:33.902679,XRP-USD,ETH,2.0063630767943583,2.4810593063981488,49783.95559896255,65282.429698464126
2023-06-19 07:31:33.902679,BTC-USD,ETH,1.4176617721405729,1.6974769174854802,0.0,11838.422325289968
2023-06-19 07:31:33.902679,DOGE-USD,ETH,1.743386838187744,1.9958932861944871,24533.007625251557,31307.573914750596
2023-06-26 07:31:33.902679,XRP-USD,ETH,1.9180239394567862,2.434908754843653,62194.576286662705,70116.34318569957
2023-06-26 07:31:33.902679,BTC-USD,USDC,1.4702418122815393,1.7294363998663418,0.0,0.0
2023-06-26 07:31:33.902679,DOGE-USD,USDC,1.7198611395312264,2.021333562126167,26702.09924629031,26408.42365952181
2023-07-03 07:31:33.902679,XRP-USD,ETH,2.0160576725057484,2.3335811045206905,63940.56560380336,66562.39440839115
2023-07-03 07:31:33.902679,BTC-USD,USDC,1.4808176227378975,1.6702479655288152,0.0,0.0
2023-07-03 07:31:33.902679,DOGE-USD,USDC,1.8131371576950317,1.942971998761233,24922.436198535303,19740.935797866972
2023-07-10 07:31:33.902679,XRP-USD,ETH,1.9223685776229558,2.3614220509085078,64000.69043404293,70704.54415046725
2023-07-10 07:31:33.902679,BTC-USD,USDC,1.4186234774814839,1.6331359150068205,0.0,0.0
2023-07-10 07:31:33.902679,DOGE-USD,USDC,1.7694704043121794,2.012316063863784,26912.834595220716,25445.5909727916
2023-07-17 07:31:33.902679,XRP-USD,USDC,2.081339518938028,2.5241103213382066,12208.098388533486,11013.269432771267
2023-07-17 07:31:33.902679,BTC-USD,USDC,1.4639717882870846,1.6655578893424081,6646.273641288353,0.0
2023-07-17 07:31:33.902679,DOGE-USD,USDC,1.7348591833928173,2.0692457225259147,19860.50227313221,17076.822309479656
2023-07-24 07:31:33.902679,XRP-USD,USDC,1.8140873522702752,2.0173193010950583,0.0,0.0
2023-07-24 07:31:33.902679,BTC-USD,USDC,1.5242238397102381,1.4589704663888212,13893.331442782553,0.0
2023-07-24 07:31:33.902679,DOGE-USD,ETH,1.7846375981307356,1.993004655835098,9783.872738056336,10208.841517510737
2023-07-31 07:31:33.902679,XRP-USD,USDC,1.8216665961994714,1.883187414258379,0.0,0.0
2023-07-31 07:31:33.902679,BTC-USD,USDC,1.428796706186121,1.4368329537324305,13998.615408012294,13184.393322055563
2023-07-31 07:31:33.902679,DOGE-USD,USDC,1.6279801059104386,1.6829597976433766,0.0,0.0
2023-08-07 07:31:33.902679,XRP-USD,USDC,1.4629435628629424,1.4110598565710788,0.0,0.0
2023-08-07 07:31:33.902679,BTC-USD,USDC,1.5192730639967178,1.415854412657333,15807.638524128808,13372.93353448213
2023-08-07 07:31:33.902679,DOGE-USD,USDC,1.603183581685673,1.54632622355127,0.0,0.0
2023-08-14 07:31:33.902679,XRP-USD,ETH,1.7465230839492154,1.6217778320635294,9789.714412601868,12821.089119297947
2023-08-14 07:31:33.902679,BTC-USD,ETH,1.5314586018850158,1.44273252169936,14039.425548748302,21251.024373601
2023-08-14 07:31:33.902679,DOGE-USD,USDC,1.5941588375627578,1.4367373304350946,0.0,0.0
2023-08-21 07:31:33.902679,XRP-USD,ETH,1.8124650098665709,1.7103881712938716,22422.646815370375,36412.90281012117
2023-08-21 07:31:33.902679,BTC-USD,ETH,1.4661775817942697,1.4304561087445338,15258.487802309362,36483.37080780024
2023-08-21 07:31:33.902679,DOGE-USD,ETH,1.6491668275237665,1.6062868738685663,20122.7113744783,37999.64988060146
2023-08-28 07:31:33.902679,XRP-USD,ETH,1.8897157044936892,1.7398148872181076,21739.68610078923,36741.337052884206
2023-08-28 07:31:33.902679,BTC-USD,ETH,1.513028775781477,1.4267687354873944,15360.317058978864,36567.13244717111
2023-08-28 07:31:33.902679,DOGE-USD,ETH,1.7303943159495185,1.6443153723473631,17355.914244641608,36015.26539766259
2023-09-04 07:31:33.902679,XRP-USD,ETH,1.986911925951025,1.7206052029869088,23681.985033177334,40757.9912178239
2023-09-04 07:31:33.902679,BTC-USD,ETH,1.5080904906296329,1.4517560794982072,15280.348229983516,49923.82748088348
2023-09-04 07:31:33.902679,DOGE-USD,ETH,1.6912512714538923,1.5116255298658137,16239.959441297717,36577.69974938031
2023-09-11 07:31:33.902679,XRP-USD,ETH,2.008798865770747,1.6223675660265182,26564.13075581407,50841.16058069875
2023-09-11 07:31:33.902679,BTC-USD,ETH,1.5106007626634912,1.4384951321625319,16797.04062825693,66852.3963978024
2023-09-11 07:31:33.902679,DOGE-USD,ETH,1.5252924230379103,1.495276849635885,16340.203015024308,67848.38048314289
2023-09-18 07:31:33.902679,XRP-USD,ETH,2.032801237660829,1.7592511657993952,24542.75769805585,42206.31409330605
2023-09-18 07:31:33.902679,BTC-USD,ETH,1.5375267421505527,1.523268821582549,18764.832919905486,56932.23402011275
2023-09-18 07:31:33.902679,DOGE-USD,ETH,1.5573069482923432,1.635922960988466,19380.031498316617,63649.230700450775
2023-09-25 07:31:33.902679,XRP-USD,ETH,2.0862596659660766,1.749947449518,21909.89840477667,41564.76622962105
2023-09-25 07:31:33.902679,BTC-USD,ETH,1.5250861613807238,1.4644413035946084,17767.135649313146,59647.566394101596
2023-09-25 07:31:33.902679,DOGE-USD,ETH,1.6273892497610822,1.6569285596515302,18095.889066009157,66480.48711372612
2023-10-02 07:31:33.902679,XRP-USD,ETH,2.0959277687973343,1.7454808257169607,23796.751575243252,39527.17581651406
2023-10-02 07:31:33.902679,BTC-USD,ETH,1.5629924435807976,1.4901040425979684,17022.68725166525,52497.97956121771
2023-10-02 07:31:33.902679,DOGE-USD,ETH,1.6831012827606149,1.7013932967071865,20886.496402269797,63524.61379924038
2023-10-09 07:31:33.902679,XRP-USD,ETH,2.2760027823685127,1.945244451206117,21893.707569919017,42178.12666100034
2023-10-09 07:31:33.902679,BTC-USD,ETH,1.422074488423402,1.4330773696690073,8201.8395836712,52192.748560053136
2023-10-09 07:31:33.902679,DOGE-USD,ETH,1.8756427318457396,1.9458403757814813,22367.72290154887,72639.95245865686
2023-10-16 07:31:33.902679,XRP-USD,ETH,2.4237480141446097,1.8629574096348258,24473.249672906924,43707.754029198535
2023-10-16 07:31:33.902679,BTC-USD,ETH,1.7126870328588708,1.6862613005915605,9304.836314315064,64736.98620724204
2023-10-16 07:31:33.902679,DOGE-USD,ETH,2.040340937280885,1.9035921228636237,21026.191632519563,68836.07931631387
2023-10-23 07:31:33.902679,XRP-USD,ETH,2.538475842927717,1.965375151298038,22732.19378044123,30848.804355842803
2023-10-23 07:31:33.902679,BTC-USD,ETH,1.7837248197484077,1.6961362041366617,9809.382891314337,41988.80373948274
2023-10-23 07:31:33.902679,DOGE-USD,ETH,1.8994596379962243,1.7850820840903272,17552.1006428001,51281.26711329156
2023-10-30 07:31:33.902679,XRP-USD,ETH,2.4330852182728604,2.048152987510219,18603.10835008086,23608.586154388395
2023-10-30 07:31:33.902679,BTC-USD,ETH,1.535305483450133,1.6765468837069895,0.0,36166.67500374098
2023-10-30 07:31:33.902679,DOGE-USD,ETH,1.8904111877277714,1.931599336388426,15558.234555215357,45718.30092720938
2023-11-06 07:31:33.902679,XRP-USD,USDC,2.5699674502432086,2.1328323868217645,0.0,0.0
2023-11-06 07:31:33.902679,BTC-USD,ETH,1.5988409665352004,1.6549786925199765,8687.695412348025,34073.39746867184
2023-11-06 07:31:33.902679,DOGE-USD,ETH,1.9315860808512135,1.9458029918421758,9757.31805291184,32860.256848533696
2023-11-13 07:31:33.902679,XRP-USD,USDC,2.3360543708832284,1.9146464000418857,0.0,0.0
2023-11-13 07:31:33.902679,BTC-USD,ETH,1.4967059782018934,1.4836601357186534,9153.047802486515,30869.568239616754
2023-11-13 07:31:33.902679,DOGE-USD,ETH,2.0385294785012054,1.8746392812897725,19978.166378385926,35699.43093267655
2023-11-20 07:31:33.902679,XRP-USD,ETH,2.350006671248172,1.8133054142277951,0.0,9843.14968942407
2023-11-20 07:31:33.902679,BTC-USD,ETH,1.668058937124564,1.491515754550132,9962.906085856084,38279.51080500745
2023-11-20 07:31:33.902679,DOGE-USD,ETH,2.1554578327615412,1.7873837792370892,11453.524820637045,30295.242219382882
2023-11-27 07:31:33.902679,XRP-USD,ETH,2.5650286704041956,1.8613754514533962,0.0,11425.870001097559
2023-11-27 07:31:33.902679,BTC-USD,ETH,1.7892263167659537,1.502473950867639,8567.423256291077,39114.79494322518
2023-11-27 07:31:33.902679,DOGE-USD,ETH,2.3051712432324063,1.7677021989438488,10330.03240167287,28799.93251090283
2023-12-04 07:31:33.902679,XRP-USD,ETH,2.324323948234264,1.610136859894011,0.0,7809.671530156949
2023-12-04 07:31:33.902679,BTC-USD,ETH,1.668982973337925,1.4841740251871829,7883.618135282959,48887.761123851276
2023-12-04 07:31:33.902679,DOGE-USD,ETH,1.3951335768687831,1.3606998957847383,11697.651104388322,67327.94224801297
2023-12-11 07:31:33.902679,XRP-USD,USDC,2.6676947281290673,1.5289094730809007,0.0,0.0
2023-12-11 07:31:33.902679,BTC-USD,ETH,1.6981938915488466,1.4851070231553989,9009.66362561546,65691.74542492123
2023-12-11 07:31:33.902679,DOGE-USD,ETH,1.7261992781208324,1.6147685149528408,30596.980034677574,93807.82791682755
2023-12-18 07:31:33.902679,XRP-USD,ETH,2.4374469431920107,1.739681052355807,0.0,17232.023108943962
2023-12-18 07:31:33.902679,BTC-USD,ETH,1.5357274123453633,1.499007706381826,0.0,60321.38335834666
2023-12-18 07:31:33.902679,DOGE-USD,ETH,1.783647427596134,1.77817077193047,35003.29150172329,98746.97720225784
2023-12-25 07:31:33.902679,XRP-USD,ETH,2.3284531668603976,1.7019665724692632,0.0,11137.11023158877
2023-12-25 07:31:33.902679,BTC-USD,ETH,1.4791261623390706,1.5247821174718816,0.0,56720.595508249666
2023-12-25 07:31:33.902679,DOGE-USD,ETH,1.4795971724672363,1.5552213284863556,33909.346210974705,93706.14121347971
2024-01-01 07:31:33.902679,XRP-USD,ETH,2.329282922662913,1.7117852480290063,0.0,13976.529123349144
2024-01-01 07:31:33.902679,BTC-USD,ETH,1.544325888306772,1.4369386846076009,7166.966989540946,54729.22061991242
2024-01-01 07:31:33.902679,DOGE-USD,ETH,1.5364038431088156,1.4999020082615764,87565.49856781561,139130.1769746318
2024-01-08 07:31:33.902679,XRP-USD,ETH,2.1572644558781056,1.8106146644318724,0.0,24232.149257764875
2024-01-08 07:31:33.902679,BTC-USD,ETH,1.5035897428519218,1.4776588305638392,0.0,45468.19756039027
2024-01-08 07:31:33.902679,DOGE-USD,ETH,1.6076322578350157,1.6576382052332777,116839.2007783234,170410.6029415152
2024-01-15 07:31:33.902679,XRP-USD,ETH,2.153563072311335,2.1366319556079856,0.0,24730.864888644006
2024-01-15 07:31:33.902679,BTC-USD,ETH,1.4294200935367254,1.559691207450642,19609.31009891715,60791.855494567935
2024-01-15 07:31:33.902679,DOGE-USD,ETH,1.8030378986268818,2.0345142911792897,124182.4818680645,171294.0082628911
2024-01-22 07:31:33.902679,XRP-USD,ETH,2.0508905387074976,2.052885225407385,0.0,36327.396279462395
2024-01-22 07:31:33.902679,BTC-USD,ETH,1.4428732690085762,1.5787510405807132,20131.95362434433,72968.03703423623
2024-01-22 07:31:33.902679,DOGE-USD,ETH,1.8432406652708084,2.085665482369472,118806.58281538205,173889.05486147403
2024-01-29 07:31:33.902679,XRP-USD,ETH,2.214501827723999,2.11053643620873,0.0,34209.52152974853
2024-01-29 07:31:33.902679,BTC-USD,ETH,1.5953465891854837,1.6242053788598685,14543.904939289321,57874.90547119413
2024-01-29 07:31:33.902679,DOGE-USD,ETH,2.061467938176234,2.2501601329003,116087.64250474345,170710.67546873444
2024-02-05 07:31:33.902679,XRP-USD,ETH,1.956065080715031,2.0335526951184355,0.0,41843.39303725504
2024-02-05 07:31:33.902679,BTC-USD,ETH,1.4626861369551047,1.6011813289521788,11081.011491418874,60192.63920404532
2024-02-05 07:31:33.902679,DOGE-USD,ETH,1.8053289807882285,2.049753471719453,125286.97990553171,181320.75353828695
2024-02-12 07:31:33.902679,XRP-USD,ETH,1.7599741725278386,2.156522940718287,0.0,34994.74839180453
2024-02-12 07:31:33.902679,BTC-USD,ETH,1.4707979198226604,1.6681485172656934,11854.041971123253,36779.322674529176
2024-02-12 07:31:33.902679,DOGE-USD,ETH,1.922037165117405,2.3371922245673393,131512.0643280616,167219.14922825008
2024-02-19 07:31:33.902679,XRP-USD,ETH,1.7279500748131784,2.1132666389941503,0.0,27618.3684539533
2024-02-19 07:31:33.902679,BTC-USD,ETH,1.5398263788404327,1.546469391841348,28729.09001633311,31959.267289872892
2024-02-19 07:31:33.902679,DOGE-USD,ETH,1.9094911468381868,2.2135754410788353,123229.17179063532,145910.81502552028
2024-02-26 07:31:33.902679,XRP-USD,ETH,2.04734115803039,2.0390518812739926,9301.197988337619,30217.23905903712
2024-02-26 07:31:33.902679,BTC-USD,ETH,1.7862911023436265,1.4959182397961948,25036.767597669066,25327.14295886591
2024-02-26 07:31:33.902679,DOGE-USD,ETH,2.1333725843620375,1.9856791702599543,131981.50069600722,146160.32397162187
2024-03-04 07:31:33.902679,XRP-USD,ETH,1.9779006860567476,2.0974489891895884,0.0,10442.269815372594
2024-03-04 07:31:33.902679,BTC-USD,USDC,1.8540425774760267,1.5127754169501235,15328.122885277378,0.0
2024-03-04 07:31:33.902679,DOGE-USD,USDC,2.2292360329059684,2.0995098407682207,22079.15328138061,20299.152416226352
2024-03-11 07:31:33.902679,XRP-USD,USDC,1.9686986847352619,2.1602193114013537,0.0,0.0
2024-03-11 07:31:33.902679,BTC-USD,USDC,1.767787584723744,1.553315670559146,19914.061264040298,0.0
2024-03-11 07:31:33.902679,DOGE-USD,USDC,2.3402468920386363,2.2487584953069346,32696.147481569074,20926.157449736478
2024-03-18 07:31:33.902679,XRP-USD,USDC,2.0450181917946644,1.987205632964718,0.0,0.0
2024-03-18 07:31:33.902679,BTC-USD,USDC,1.8050611843972286,1.5205706295442272,13635.267958173092,0.0
2024-03-18 07:31:33.902679,DOGE-USD,ETH,2.450597469154882,2.4103433678540944,50880.87716826303,53155.30816434791
2024-03-25 07:31:33.902679,XRP-USD,USDC,1.9091590938822298,2.0054323818943103,0.0,0.0
2024-03-25 07:31:33.902679,BTC-USD,USDC,1.7238230767090776,1.6609743687513485,7545.849806982034,0.0
2024-03-25 07:31:33.902679,DOGE-USD,USDC,2.59174754423816,2.6997058907470874,26113.835718116286,25472.36956569631
2024-04-01 07:31:33.902679,XRP-USD,USDC,1.888638496923177,1.9281057033324223,0.0,0.0
2024-04-01 07:31:33.902679,BTC-USD,USDC,1.752131921575611,1.66790113127054,6096.713536593597,0.0
2024-04-01 07:31:33.902679,DOGE-USD,USDC,2.4295756228460594,2.4803468862455667,0.0,0.0
2024-04-08 07:31:33.902679,XRP-USD,USDC,1.743307462735457,2.198428190821446,0.0,0.0
2024-04-08 07:31:33.902679,BTC-USD,USDC,1.671046475858317,1.923288474473715,7780.133726278422,0.0
2024-04-08 07:31:33.902679,DOGE-USD,USDC,2.3117629491713862,2.9152888670483024,0.0,0.0
2024-04-15 07:31:33.902679,XRP-USD,ETH,1.6186228139704975,1.5972847130431007,8648.480482758227,11884.899222417065
2024-04-15 07:31:33.902679,BTC-USD,ETH,1.7730443448070097,1.7631283633282653,7891.202171724261,12673.04157246287
2024-04-15 07:31:33.902679,DOGE-USD,ETH,2.1929402209392785,2.260286641259483,0.0,7826.818461746632
2024-04-22 07:31:33.902679,XRP-USD,ETH,1.5442399933588102,1.5727607605759895,0.0,12505.267532042504
2024-04-22 07:31:33.902679,BTC-USD,USDC,1.6249141252724166,1.4709811870766842,0.0,0.0
2024-04-22 07:31:33.902679,DOGE-USD,ETH,1.905463524328232,1.861816724942715,0.0,7933.247157608814
2024-04-29 07:31:33.902679,XRP-USD,ETH,1.5403801336150098,1.5608696443197738,17099.2789333416,21539.10217827205
2024-04-29 07:31:33.902679,BTC-USD,ETH,1.533297463220262,1.570159706617526,6802.878296111114,11926.428106914143
2024-04-29 07:31:33.902679,DOGE-USD,ETH,1.9380656226958324,2.0060575098510482,14657.104567659102,21245.004761674747
2024-05-06 07:31:33.902679,XRP-USD,ETH,1.4743769048261992,1.7952407653319833,9105.311942106753,15892.225073119247
2024-05-06 07:31:33.902679,BTC-USD,ETH,1.5357199655868683,1.844204263474086,7116.344928140665,13130.544987559886
2024-05-06 07:31:33.902679,DOGE-USD,ETH,1.9863245977824642,2.4649204356674628,0.0,8851.85091706991
2024-05-13 07:31:33.902679,XRP-USD,USDC,1.781016660980508,1.6991285116122794,42904.23083286741,24073.26136960437
2024-05-13 07:31:33.902679,BTC-USD,ETH,1.5360304329489582,1.8250495454663718,8258.407502528076,13599.516709508956
2024-05-13 07:31:33.902679,DOGE-USD,ETH,1.9166351735971563,2.4711863197643593,0.0,11636.016320625029
2024-05-20 07:31:33.902679,XRP-USD,USDC,1.7875653460916126,1.6672086499943055,55038.4102825384,16573.995710949923
2024-05-20 07:31:33.902679,BTC-USD,USDC,1.527557411070809,1.8335591465080059,12189.582785769991,0.0
2024-05-20 07:31:33.902679,DOGE-USD,USDC,1.7696867415734145,2.4824766295803666,0.0,0.0
2024-05-27 07:31:33.902679,XRP-USD,USDC,1.7666936020425505,1.5656595752062306,60952.03820106758,17364.87163355603
2024-05-27 07:31:33.902679,BTC-USD,USDC,1.4317420335372328,1.618008844248356,19512.553560359986,0.0
2024-05-27 07:31:33.902679,DOGE-USD,USDC,1.6331893951886798,2.31212973367459,0.0,0.0
